{
	"name": "foundryvtt-module-active-defence",
	"title": "Lazrius' Active Defence",
	"description": "A really simple module that makes your armour class clickable to roll for active defence.",
	"version": "1.0.4",
	"author": "Laz#9427",
	"scripts": ["bundle.js"],
	"languages": [],
	"minimumCoreVersion": "0.8.8",
	"compatibleCoreVersion": "0.8.8",
	"url": "https://github.com/Lazrius/FoundryVTT-Module-Active-Defence",
	"manifest": "https://raw.githubusercontent.com/Lazrius/FoundryVTT-Module-Active-Defence/master/Source/module.json",
	"download": "https://raw.githubusercontent.com/Lazrius/FoundryVTT-Module-Active-Defence/v1.0.4/dist/foundryvtt-module-active-defence-v1.0.4.zip"
}